0,Luka,LATAM,1984-05-27,2023-01-02
1,Eleanor,APAC,1989-12-01,2023-01-02
2,Santiago,APAC,1998-06-29,2023-01-02
3,Gianna,EU,1989-08-31,2023-01-03
4,Emma,LATAM,1981-04-19,2023-01-03
5,Kayden,APAC,1982-08-01,2023-01-04
6,Ezekiel,LATAM,1991-03-21,2023-01-04
7,Mia,NA,1993-07-06,2023-01-04
8,Jackson,EU,1985-11-08,2023-01-04
9,Maria,LATAM,1982-01-19,2023-01-04
10,Henry,APAC,1990-09-15,2023-01-04
11,Isaac,NA,1983-08-09,2023-01-04
12,Aiden,NA,1981-10-17,2023-01-04
13,Miles,EU,1984-11-18,2023-01-04
14,James,EU,1984-12-13,2023-01-04
15,Nora,APAC,1980-03-06,2023-01-05
16,River,LATAM,1992-04-11,2023-01-08
17,Oliver,EU,1992-08-13,2023-01-08
18,Athena,LATAM,1984-10-05,2023-01-08
19,Josiah,NA,1984-09-27,2023-01-08
20,Colton,APAC,1990-07-08,2023-01-09
21,Amelia,NA,1987-02-10,2023-01-12
22,Muhammad,EU,1998-11-11,2023-01-12
23,Ella,LATAM,1995-11-28,2023-01-14
24,Chloe,EU,1992-01-15,2023-01-15
25,Lucas,NA,1987-10-03,2023-01-15
26,Eliana,APAC,1985-11-06,2023-01-16
27,Ivy,LATAM,1988-03-27,2023-01-16
28,Mateo,NA,1994-12-21,2023-01-16
29,Nevaeh,APAC,1992-06-24,2023-01-16
30,Naomi,EU,1992-09-10,2023-01-16
31,Liam,EU,1989-10-18,2023-01-16
32,Penelope,NA,1995-06-06,2023-01-16
33,Hazel,EU,1987-03-26,2023-01-16
34,Eden,NA,1983-05-04,2023-01-16
35,Raelynn,LATAM,1984-12-28,2023-01-19
36,Everly,LATAM,1996-08-17,2023-01-22
37,Easton,LATAM,1980-08-07,2023-01-22
38,Adam,NA,1986-10-26,2023-01-27
39,Isla,EU,1996-06-27,2023-01-27
40,Elijah,LATAM,1994-02-28,2023-01-28
41,Mason,APAC,1981-04-30,2023-01-29
42,Luke,LATAM,1982-11-20,2023-01-29
43,Maeve,EU,1998-12-12,2023-01-29
44,Sophie,NA,1988-10-23,2023-01-29
45,Andrew,EU,1981-10-13,2023-01-29
46,Abigail,NA,1991-08-26,2023-01-29
47,Beau,EU,1992-09-30,2023-01-29
48,Zion,LATAM,1994-05-23,2023-01-29
49,Jeremiah,LATAM,1994-12-19,2023-01-30
50,Hannah,EU,1990-05-11,2023-02-02
51,Kinsley,APAC,1994-03-03,2023-02-04
52,Kehlani,EU,1992-04-05,2023-02-04
53,Autumn,LATAM,1999-09-17,2023-02-05
54,Legend,NA,1989-03-04,2023-02-06
55,Julian,APAC,1980-10-27,2023-02-06
56,Camila,LATAM,1992-06-17,2023-02-06
57,Alexander,LATAM,1992-01-04,2023-02-06
58,Axel,LATAM,1984-09-11,2023-02-09
59,Adeline,LATAM,1996-09-14,2023-02-11
60,Charlotte,LATAM,1980-09-02,2023-02-12
61,Ellie,EU,1993-11-21,2023-02-13
62,Enzo,NA,1982-10-23,2023-02-15
63,Adrian,APAC,1988-07-22,2023-02-17
64,Audrey,NA,1980-07-31,2023-02-17
65,Carter,NA,1982-02-10,2023-02-18
66,Elizabeth,NA,1986-12-09,2023-02-19
67,Dominic,NA,1993-12-25,2023-02-20
68,Lillian,NA,1988-11-08,2023-02-20
69,Amari,NA,1999-11-25,2023-02-20
70,Cooper,LATAM,1993-05-16,2023-02-20
71,Delilah,NA,1980-03-29,2023-02-20
72,Iris,LATAM,1985-01-14,2023-02-22
73,David,NA,1994-02-20,2023-02-22
74,Amira,APAC,1997-02-02,2023-02-22
75,Leilani,APAC,1988-02-27,2023-02-23
76,Madelyn,LATAM,1980-04-29,2023-02-23
77,Michael,LATAM,1992-07-07,2023-02-23
78,Logan,LATAM,1983-10-16,2023-02-24
79,Gabriella,APAC,1982-01-21,2023-02-25
80,Wyatt,APAC,1997-08-28,2023-02-25
81,Waylon,NA,1999-09-17,2023-02-25
82,Sophia,NA,1983-10-09,2023-02-25
83,Sofia,NA,1991-09-17,2023-02-26
84,Scarlett,NA,1982-06-23,2023-02-27
85,Walker,EU,1993-10-30,2023-02-28
86,Isabella,APAC,1987-12-13,2023-03-03
87,Lucy,NA,1998-05-09,2023-03-04
88,Owen,LATAM,1986-05-23,2023-03-04
89,Aria,APAC,1983-05-06,2023-03-05
90,Rowan,EU,1986-08-03,2023-03-05
91,Christopher,NA,1981-03-23,2023-03-05
92,Silas,APAC,1994-08-28,2023-03-06
93,Zoe,EU,1980-06-07,2023-03-06
94,Ayla,APAC,1993-10-30,2023-03-07
95,Aaliyah,EU,1985-05-24,2023-03-08
96,Hudson,EU,1986-10-28,2023-03-08
97,Lyla,NA,1995-10-24,2023-03-09
98,Greyson,LATAM,1990-09-20,2023-03-09
99,Caleb,APAC,1986-11-27,2023-03-10
100,Emily,APAC,1981-05-25,2023-03-12
101,Noah,EU,1983-05-03,2023-03-13
102,Joshua,APAC,1981-07-05,2023-03-13
103,William,NA,1999-03-20,2023-03-13
104,Victoria,APAC,1991-10-25,2023-03-13
105,Kai,APAC,1998-04-16,2023-03-14
106,Luca,EU,1998-08-14,2023-03-16
107,Wesley,NA,1990-09-09,2023-03-19
108,Ethan,EU,1997-09-02,2023-03-24
109,Bella,APAC,1999-10-15,2023-03-24
110,Alice,NA,1987-07-25,2023-03-25
111,Avery,EU,1985-02-08,2023-03-29
112,Malachi,EU,1981-05-26,2023-03-30
113,Maverick,LATAM,1995-08-08,2023-03-30
114,Luna,APAC,1984-02-20,2023-03-31
115,Daniel,NA,1985-07-16,2023-04-03
116,Stella,LATAM,1986-10-02,2023-04-05
117,Leah,EU,1995-11-19,2023-04-05
118,Asher,NA,1986-02-25,2023-04-06
119,Madison,EU,1985-09-05,2023-04-06
120,Mila,NA,1981-12-19,2023-04-06
121,Ruby,EU,1983-06-06,2023-04-06
122,Weston,APAC,1995-12-29,2023-04-06
123,Atlas,EU,1981-11-16,2023-04-07
124,Oakley,APAC,1980-03-26,2023-04-09
125,Claire,APAC,1985-12-20,2023-04-10
126,Ava,APAC,1982-07-20,2023-04-12
127,Amir,APAC,1993-12-08,2023-04-12
128,Nathan,EU,1988-02-04,2023-04-14
129,Joseph,NA,1999-04-26,2023-04-14
130,Jack,APAC,1982-08-25,2023-04-14
131,Jayden,NA,1987-04-28,2023-04-17
132,Matteo,EU,1994-08-22,2023-04-17
133,Jace,EU,1981-11-17,2023-04-17
134,Emery,LATAM,1986-04-27,2023-04-19
135,Valentina,NA,1995-08-31,2023-04-19
136,Violet,APAC,1984-11-19,2023-04-20
137,Leo,NA,1989-04-26,2023-04-21
138,Layla,LATAM,1982-04-15,2023-04-22
139,Anna,LATAM,1983-02-09,2023-04-22
140,Nolan,EU,1991-09-17,2023-04-24
141,Lily,LATAM,1982-05-15,2023-04-24
142,Nova,LATAM,1982-09-06,2023-04-27
143,Lincoln,APAC,1986-02-17,2023-04-28
144,Evelyn,LATAM,1980-12-10,2023-04-29
145,Thomas,EU,1998-10-23,2023-04-29
146,Benjamin,NA,1984-06-15,2023-05-02
147,Gabriel,NA,1987-10-07,2023-05-03
148,John,NA,1987-06-15,2023-05-03
149,Sebastian,EU,1982-04-26,2023-05-03
150,Oaklynn,LATAM,1984-07-02,2023-05-03
151,Paisley,APAC,1989-04-09,2023-05-03
152,Jacob,APAC,1992-09-30,2023-05-03
153,Kennedy,APAC,1997-12-23,2023-05-03
154,Matthew,NA,1984-11-07,2023-05-03
155,Josephine,APAC,1999-04-04,2023-05-04
156,Olivia,NA,1990-07-11,2023-05-06
157,Aubrey,APAC,1989-12-13,2023-05-07
158,Savannah,APAC,1980-10-29,2023-05-09
159,Millie,NA,1986-11-28,2023-05-09
160,Roman,NA,1982-12-06,2023-05-09
161,Grayson,LATAM,1999-03-14,2023-05-09
162,Dylan,APAC,1996-10-17,2023-05-12
163,Willow,LATAM,1988-01-29,2023-05-18
164,Aurora,LATAM,1990-08-21,2023-05-18
165,Christian,APAC,1989-02-13,2023-05-18
166,Vivian,EU,1990-07-23,2023-05-20
167,Zoey,EU,1985-07-10,2023-05-20
168,Amara,LATAM,1997-08-05,2023-05-20
169,Micah,NA,1999-01-07,2023-05-21
170,Sadie,APAC,1990-05-29,2023-05-21
171,Samuel,APAC,1984-02-02,2023-05-21
172,Addison,LATAM,1986-01-30,2023-05-22
173,Serenity,EU,1999-02-21,2023-05-22
174,Xavier,LATAM,1980-10-17,2023-05-22
175,Eli,APAC,1981-08-11,2023-05-22
176,Adriel,LATAM,1998-10-03,2023-05-26
177,Theodore,LATAM,1996-09-27,2023-05-30
178,Natalie,APAC,1991-07-07,2023-05-30
179,Levi,EU,1991-04-13,2023-05-30
180,Riley,EU,1984-05-25,2023-06-04
181,Daisy,APAC,1986-01-19,2023-06-04
182,Harper,APAC,1987-04-08,2023-06-05
183,Jaxon,APAC,1991-12-15,2023-06-06
184,Isaiah,NA,1983-06-05,2023-06-06
185,Anthony,NA,1980-03-04,2023-06-06
186,Emilia,LATAM,1980-03-19,2023-06-07
187,Charlie,EU,1987-06-14,2023-06-07
188,Skylar,EU,1984-12-12,2023-06-10
189,Lainey,EU,1993-06-02,2023-06-10
190,Maya,EU,1983-11-07,2023-06-12
191,Elias,NA,1989-10-09,2023-06-18
192,Parker,APAC,1981-03-18,2023-06-21
193,Genesis,EU,1988-11-29,2023-06-22
194,Elena,NA,1991-11-09,2023-06-23
195,Landon,NA,1983-09-06,2023-06-23
196,Grace,APAC,1992-07-06,2023-06-24
197,Theo,LATAM,1982-06-06,2023-06-25
198,Ezra,EU,1990-06-09,2023-06-26
199,Clara,APAC,1985-11-28,2023-06-27
